x,y,timestamp
929.1177748681746,485.46249749207465,1760536514.5589893
933.024019496263,496.6692028646497,1760536514.560979
938.1532298006368,511.70291689659183,1760536514.618948
941.8500171851867,524.4612994446796,1760536514.6873271
944.3477108543523,534.1681477963992,1760536514.7478
946.875497810877,542.5531516024492,1760536514.7907724
951.1270433092454,549.9521183204013,1760536514.835408
955.3771911647711,558.4449891485731,1760536514.8788724
958.1873103320141,565.0422402006949,1760536514.939132
959.2808313630344,561.4817290626337,1760536514.9817548
961.8252882751741,572.3025833624034,1760536515.0254242
965.0655371741352,582.1645175671599,1760536515.0700812
967.7869941132755,589.0183822372517,1760536515.1280034
970.6640471888217,594.9709621892787,1760536515.173571
972.2366942427492,600.9108710035264,1760536515.2230048
973.3001413186889,605.4328113038771,1760536515.2749808
972.4649140657601,608.3585776836779,1760536515.32282
971.7066891046592,611.1748548830546,1760536515.3701363
972.9669033000102,614.1437353997089,1760536515.4217606
973.8247665381039,615.5280425471474,1760536515.47193
970.1853680237003,614.8999150445801,1760536515.519147
968.8494572822797,613.8225034453624,1760536515.5657666
967.5496603597726,611.8362117549913,1760536515.6140692
969.3063932693312,610.5755460911361,1760536515.6592362
970.8046798171157,608.6925216608474,1760536515.7078836
970.9132422610041,607.1230856450403,1760536515.7572706
971.3829283622739,605.7629268344268,1760536515.8046756
963.6617495397295,605.168501691739,1760536515.851439
958.1593843579756,605.1823435697885,1760536515.8978505
954.5890747136089,606.06303967306,1760536515.9460094
952.0115448187082,605.5580740108735,1760536515.990935
950.5312996072141,605.9732377288826,1760536516.046421
950.3030812365458,606.9273772104774,1760536516.0943565
950.6462204472241,608.0014339182486,1760536516.1466854
951.4337486415307,608.9153150600196,1760536516.2177863
951.7296935525628,610.2518285005165,1760536516.2627766
951.8888633734301,611.3609306872984,1760536516.309302
951.4534631501099,612.6048826007132,1760536516.3551812
951.1745697605613,614.5243316026981,1760536516.400932
950.4637822615225,615.5560584562049,1760536516.4454498
947.9772933924489,615.9542884584537,1760536516.490527
945.8108714348413,616.4851909813619,1760536516.554439
944.1845654603322,617.5876239062093,1760536516.5966203
942.7883172059919,619.4026761365769,1760536516.6441584
945.2439599948032,620.7796993679901,1760536516.6912434
947.3167843306769,621.9938935544999,1760536516.7417538
951.1372797099355,624.7265111674094,1760536516.7897956
954.46897630022,627.6152885983462,1760536516.8392434
956.3779167869691,629.3695748095364,1760536516.8927524
959.5981269377506,631.3746390556114,1760536516.9462545
960.7645513661009,632.8795301761726,1760536517.0010593
962.4962341433461,634.3211706675669,1760536517.0526824
962.7777867298087,635.73572887672,1760536517.102587
963.7954824656658,637.1727820179925,1760536517.1507893
965.285015069233,638.5596370133501,1760536517.1991663
965.4292842408236,639.2320273302314,1760536517.2435315
963.2000342113531,640.1864956064875,1760536517.2907834
961.4845202670238,640.8225138985002,1760536517.3397164
956.5876006899271,639.3897063182072,1760536517.3847425
952.8209498189244,638.8215743647603,1760536517.432226
950.2680809596701,637.6383736818098,1760536517.4839158
945.0122328122352,636.2192732266944,1760536517.5363538
942.1989842962352,634.8170013454192,1760536517.5867898
942.1055016351634,632.5070640318431,1760536517.632861
942.2294321438142,630.8973813764043,1760536517.677219
941.9211837745509,629.7635263394341,1760536517.7547119
947.1559832736743,630.0962151559914,1760536517.8083267
950.787142862129,631.1245738196068,1760536517.8641331
953.3453758367922,632.7039003492648,1760536517.9149451
955.1839682708916,633.3665567885662,1760536517.9608102
956.7364062417378,633.9652274412504,1760536518.010411
957.956525526573,635.2234261816682,1760536518.0539978
958.4299470493,635.9080261243372,1760536518.1039026
958.6354272149092,636.234168067597,1760536518.149701
959.0882049371909,636.3952586483761,1760536518.1959207
961.0652475648485,635.7211180196571,1760536518.242138
960.7758579798367,637.5399253046176,1760536518.289761
961.2310341488301,638.4244812716386,1760536518.347761
961.1874915244351,638.2390326227702,1760536518.3954818
962.0136565016269,637.4725568132819,1760536518.4407153
961.5389054731866,636.6863959230171,1760536518.48821
961.1469835187889,636.3256371838768,1760536518.5333133
956.133637558207,635.6054200908513,1760536518.5787446
951.404557568738,633.9648191817048,1760536518.62479
948.369836551291,632.0859856248671,1760536518.6826785
946.8926614522901,634.2410109884296,1760536518.726829
947.8901637668704,633.9893436789306,1760536518.775164
946.579108535916,633.1405842058451,1760536518.8227515
945.1578341101902,631.8243055280307,1760536518.8691092
943.57655416116,631.676211524876,1760536518.914428
943.863448150897,631.537648652203,1760536518.9600132
943.7565004808439,630.5756940542587,1760536519.018366
943.2755914947522,631.4388947024327,1760536519.064793
942.7560680264313,631.8373990367385,1760536519.111858
942.1167563521348,631.0867217463724,1760536519.1572514
940.8085643304721,630.0411491542134,1760536519.201579
941.5400504180991,629.7480454490753,1760536519.24571
940.8338217609441,629.3881864058008,1760536519.2908595
940.489599028713,628.0344602827372,1760536519.3547597
940.0013656582112,627.1465151451489,1760536519.3973892
940.2138699689633,626.4817815541021,1760536519.4431453
941.4257450923265,625.2978403246519,1760536519.491082
942.5282717746464,624.0380202305486,1760536519.539419
941.3910925849207,623.9898586732124,1760536519.5872853
940.725310612218,624.6780395152066,1760536519.6331277
940.6127882368834,625.6018508959856,1760536519.6905284
942.3923789966136,624.4398305991645,1760536519.7364492
943.6456634074459,623.4588420466205,1760536519.7831092
944.2369228761388,623.0372268776,1760536519.8283765
944.497493614994,622.1793480100108,1760536519.8729532
945.5315709520131,620.9343234552839,1760536519.9204128
953.3964732879242,619.8522648028302,1760536519.965616
959.0272030334872,619.248451843641,1760536520.0267644
967.0356866939761,617.9048571898862,1760536520.075777
972.839639398464,616.5001690506483,1760536520.1256964
977.3401636201596,614.4976791054872,1760536520.1745722
980.0515367589354,612.7358069168802,1760536520.222705
981.8168738675542,611.888399547642,1760536520.282805
983.6036096908185,611.9270403773394,1760536520.3310387
984.7878636092441,611.543635167224,1760536520.3756962
984.6768696062533,611.5294193681527,1760536520.4191506
984.5070491468921,611.1025085576694,1760536520.47579
985.2634580301808,611.0190152286325,1760536520.5250764
986.7119608616715,611.3780980787345,1760536520.574573
987.2659070570821,611.5297048561155,1760536520.619954
985.585636498703,610.1702767785357,1760536520.663096
983.6725890862353,608.3215052257685,1760536520.7089086
969.820610039285,606.5398857129559,1760536520.7556603
960.6199038462628,604.8805092347714,1760536520.800614
952.0183706051132,604.54357056809,1760536520.8454185
946.2605726715931,604.2374677135415,1760536520.888562
945.3469771210515,602.0407786383852,1760536520.9327092
958.393497809422,600.4765089761515,1760536520.9778712
967.898702228405,600.222494713714,1760536521.0257058
985.7932344034291,588.2258621857688,1760536521.0717766
999.6760654797599,585.5585110751621,1760536521.1193066
1010.6630301847526,583.9724429918682,1760536521.1669824
1018.9705559086951,583.643968033112,1760536521.2122893
1022.8197540792713,593.6008465724622,1760536521.2580476
1018.1912314207502,598.469774577384,1760536521.3058927
1011.2405649238503,602.0009864875784,1760536521.355819
981.2444717020835,602.9457387444461,1760536521.4034076
960.2340913577366,604.3568287730556,1760536521.4507444
946.2760548591638,603.4289050542227,1760536521.4958148
938.3046862463348,601.2163840804386,1760536521.5411189
944.5318571905548,602.1843482344143,1760536521.5891838
946.3933317117005,603.1574255004522,1760536521.6349568
947.9621720383984,604.6870799289525,1760536521.6893914
954.0973467438607,604.9356676663426,1760536521.7347498
958.7360833389363,604.4155227724302,1760536521.7849064
964.1454262468924,607.0265721105302,1760536521.8304694
968.5839337318677,608.5925937287209,1760536521.8865259
970.5131494571352,606.3787716244748,1760536521.9417655
970.8460732896758,606.9108671183286,1760536521.9976442
971.1743558645375,607.2247162672071,1760536522.051526
969.1443744199524,606.8232589051797,1760536522.0980165
967.7558527976787,606.429957050454,1760536522.149638
954.0424757794428,608.109442517674,1760536522.205866
943.8481542812773,610.5508474233736,1760536522.2517848
934.9382091548429,612.194685382174,1760536522.304117
923.9060714052747,611.8357233686294,1760536522.3473172
915.6448389151014,611.580821529137,1760536522.396032
907.1412981523399,613.3961382358445,1760536522.4454212
899.0036858699821,616.0777887424945,1760536522.4896436
893.649090164948,613.3251526110379,1760536522.5372462
885.1356930108029,614.0238643005207,1760536522.582779
880.1882684036959,615.2068292856824,1760536522.6289234
880.6399142974773,612.1585427809468,1760536522.6728544
878.7196477456791,610.8823063188748,1760536522.7285485
877.3905356462799,608.4095935209153,1760536522.7747865
878.9000180038844,607.9646598833328,1760536522.8227754
882.1123481256539,606.5847614008045,1760536522.8694446
883.0257034459685,605.7727394441278,1760536522.9160333
885.6203316529688,605.8613057297866,1760536522.9605408
887.136912477334,604.9266824752583,1760536523.006763
892.4585537863775,605.3208705017116,1760536523.0541747
897.7905193634247,604.5611612805113,1760536523.1008072
903.9352951646845,604.174798987022,1760536523.1464694
906.0050966814008,603.737350424684,1760536523.1930153
913.102212616851,599.6227194137527,1760536523.238823
915.9283790038296,595.6955869991102,1760536523.2913642
927.6215565331155,596.5471787063061,1760536523.3456018
935.0483509617327,597.2271369189764,1760536523.3937135
957.9153085300444,601.2086567849381,1760536523.4420702
974.2595521144588,605.1872007972936,1760536523.4858375
996.6342729645779,610.4839693259298,1760536523.5317812
1015.3583429923846,613.044028645736,1760536523.5830858
1026.3810524200208,613.2054773146328,1760536523.6268735
1029.8366384726548,613.569449788999,1760536523.6719203
1034.156806865127,615.6898616759868,1760536523.7173252
1038.0086387687652,614.8345040164395,1760536523.7617507
1042.5510748259044,614.6642888667826,1760536523.8070557
1046.1228570107312,614.8433136640117,1760536523.8561106
1050.881468673707,612.910465045604,1760536523.9071586
1054.3095258679039,612.809569927525,1760536523.9612908
1054.4062365511006,613.8199180652125,1760536524.0071044
1053.588693525318,614.8376179110651,1760536524.0541575
1052.1652911331316,614.4645529803768,1760536524.1068323
1049.5317643339163,614.7457098134454,1760536524.1586523
1042.2359676392439,616.7549734755964,1760536524.206756
1033.6249453209798,618.8747016265653,1760536524.2565005
1020.7272452214183,618.8173439383876,1760536524.3056557
1000.4089992022223,620.657348470164,1760536524.3519654
985.0179751723236,620.0906086605186,1760536524.399317
964.6564055663587,619.5854569356127,1760536524.448321
949.9533627149442,620.3732029445898,1760536524.495533
937.8942946701575,621.4327140249411,1760536524.57065
933.3789121698576,617.3435406512539,1760536524.6177406
926.8705494855943,616.3781026160525,1760536524.663769
922.4444058028976,616.3537551546668,1760536524.713377
913.8557836428968,618.7207541150199,1760536524.7590477
901.1558193061476,612.6186641708031,1760536524.8136663
897.4581848654474,611.419207300279,1760536524.8608596
899.2915340513229,611.8134534717223,1760536524.9078445
896.4307634818725,611.8113850079269,1760536524.9518604
897.4925939701095,612.3696998078899,1760536524.9963443
895.1911317820054,618.8588854119696,1760536525.042082
901.1956648718946,618.4427271847878,1760536525.1019263
903.1853538907438,618.3542465716607,1760536525.16239
907.7475166109151,618.9614397616178,1760536525.2067282
911.3153803458968,620.970541082542,1760536525.2507749
921.5829451155959,620.9629975172315,1760536525.2943604
937.207568591134,621.7515492475344,1760536525.3438556
953.7400186244474,620.6114195997197,1760536525.3898363
966.5353944744411,620.0751011436188,1760536525.434798
981.6335235433413,622.0291987358694,1760536525.4803193
994.8443950383892,624.3097187011981,1760536525.5246532
1001.4247734829723,625.3021370848772,1760536525.572913
1009.4799642517129,627.0401726855519,1760536525.6182225
1015.4344631190806,629.1586643774632,1760536525.664043
1022.1698326494486,629.9618335422276,1760536525.7092562
1025.9007422500767,628.3716924166963,1760536525.7594037
1029.018695074277,630.6892905518622,1760536525.8090398
1031.1217054757321,630.6194878044773,1760536525.8569841
1031.6313812968278,630.4704098667223,1760536525.905367
1030.4557468713901,629.7124887775485,1760536525.9518108
1028.2959420395955,629.2052465772581,1760536525.996375
1026.8953608505933,629.3997541217344,1760536526.041023
1024.420964187028,631.2198381544057,1760536526.08861
1014.0615666479088,636.591785609007,1760536526.1363995
1004.322536373044,637.3142625658442,1760536526.1824841
985.000441256405,633.8982489893518,1760536526.2381842
971.9809177751803,631.3878023021341,1760536526.286517
953.8878541007604,632.9481439381132,1760536526.3309724
936.0439244230167,635.4698627283727,1760536526.375677
922.437460657492,637.3156021790826,1760536526.421769
908.1350920462843,636.521327818684,1760536526.4664924
898.1656902397995,642.3707101056527,1760536526.5114555
886.02575439763,645.409780319544,1760536526.5554912
874.6159453579315,644.6649459862842,1760536526.60087
862.9525342756851,646.3732034551283,1760536526.6455684
863.314102480067,640.2820104350933,1760536526.6887782
857.8401646616084,640.4294091994832,1760536526.7434223
862.6843052727047,632.925563793389,1760536526.792157
864.3049389817688,630.1232996545432,1760536526.8392973
866.6171361087438,630.2333160697812,1760536526.8917851
867.7434666554667,630.4735581757781,1760536526.9468386
870.4289635820575,636.6521511778043,1760536527.001324
873.5401218303069,641.7419782478532,1760536527.050558
887.4889106446664,639.6566683571057,1760536527.1006188
896.5745103507256,641.2605114124827,1760536527.1626606
909.8949867532745,639.5707979582419,1760536527.2102697
915.9788021476601,640.5060800350808,1760536527.258661
921.1019882997786,639.0559423671358,1760536527.3059423
940.9908227518923,642.946748204351,1760536527.3520103
958.0610079214175,644.2010489318149,1760536527.3991194
969.7923166046266,643.8014237257355,1760536527.4453316
982.6479663286068,647.1080248932217,1760536527.4906323
995.6785074791169,646.7570847415323,1760536527.537764
1004.8145479235668,645.8692599245643,1760536527.5834272
1010.264656641315,645.8276139292105,1760536527.6280775
1013.6669785719891,647.1946344602234,1760536527.681941
1013.0396765294827,646.2608990760846,1760536527.7336156
1011.2886456092266,646.6169974205109,1760536527.780002
1005.3312732834354,644.5679966935646,1760536527.8259797
1000.7388385494248,642.1585404638735,1760536527.8724105
998.3753107298788,640.9822352706195,1760536527.9196267
996.0400149567852,638.7900015093576,1760536527.9644923
986.2425366255295,639.3280915617792,1760536528.0101585
975.6364929413317,641.6758196079372,1760536528.0551522
967.8460300287584,642.0123465221634,1760536528.1071427
960.9015641871982,642.7586385188055,1760536528.1529577
954.0144381925242,644.0004411434398,1760536528.2007487
944.8377837266451,640.5796344733603,1760536528.250635
938.322817455107,637.7718180152218,1760536528.295471
928.7749281304813,636.2748300244051,1760536528.3398094
923.5216536153561,635.9249426305136,1760536528.3861089
921.872860371138,635.505010376337,1760536528.4321384
919.8719036651505,634.2360215062932,1760536528.4773815
919.9744888508487,633.8026459125037,1760536528.5247695
921.1129689464442,631.6432169195208,1760536528.5717676
921.606113152442,630.5823973078781,1760536528.6180556
924.0573808061888,630.4735546135847,1760536528.6652267
925.9494830344138,629.1410082959092,1760536528.7114599
928.2559822994482,627.9948400454249,1760536528.7567947
933.075363049715,627.887417761883,1760536528.8047519
937.0686477031861,626.8620588224824,1760536528.851727
941.5294170124131,625.6597380818005,1760536528.895374
944.3606196042267,624.6460185011309,1760536528.9405732
944.9583411535896,623.5679790977626,1760536528.9874077
946.3365859805097,621.4862779661407,1760536529.033623
946.4414315513856,621.1351826304157,1760536529.0879412
946.0012074490986,620.2205793374087,1760536529.1359537
946.5334952084376,618.860751069008,1760536529.179883
946.8399864358512,618.2909336181131,1760536529.2274446
947.1831919682888,618.4138121880482,1760536529.2726395
947.3331095956493,617.1189314316382,1760536529.3169403
947.0987956862934,616.0310614430587,1760536529.36079
950.1210097915963,617.4843019637174,1760536529.4061098
955.210686578642,620.1436165248812,1760536529.451347
958.3120705589878,621.8017779953823,1760536529.5182977
959.8711383960858,622.4118461924425,1760536529.5791306
961.0049005051582,622.8417259900174,1760536529.629663
945.0280777346974,622.9137052649185,1760536529.6745734
927.1871861345975,623.5585447496352,1760536529.7218983
915.2891850281746,623.4535396696365,1760536529.7708898
906.0023773415163,623.0025456273788,1760536529.8179514
899.3066135861567,622.4258740766059,1760536529.8632033
897.1897950987932,622.6266272543016,1760536529.909615
893.3481538422553,622.1030576620999,1760536529.9549162
892.5572886130863,623.1798835942333,1760536530.0010026
902.6476727757065,621.4983615891599,1760536530.0467649
909.7684196384772,620.8515799446604,1760536530.1067417
927.1951532817008,619.6709062112421,1760536530.1544461
939.2048995966256,619.3272048802526,1760536530.2046611
948.2926477693801,618.8590932166585,1760536530.2519097
954.3595366163421,618.3145382485023,1760536530.2966368
959.2634558823169,617.4165190219217,1760536530.344117
962.1054708082295,616.8499444959886,1760536530.390318
963.7398775015662,616.4430521096846,1760536530.4430387
963.8160204956982,616.496320447049,1760536530.4869554
964.2077180512638,616.4940518611147,1760536530.539896
970.9091140058665,615.0245605427476,1760536530.5892127
975.5923309942832,613.9995931160483,1760536530.636882
991.5211817284135,615.4940858320994,1760536530.6846857
1001.5019250223747,615.555373498479,1760536530.728748
1008.3179235100188,615.4213620295528,1760536530.780349
1011.7244474201561,615.5974837873496,1760536530.8253753
1014.5355043466398,615.7250919470073,1760536530.8716931
1010.6453539261033,615.0187782811059,1760536530.9150643
1006.7193197583722,615.4192871428907,1760536530.9584234
973.8772313479218,613.9883574567333,1760536531.0044644
950.2967426807761,616.1630524951236,1760536531.051015
934.3939976904603,616.9899633930702,1760536531.1155648
922.8835376592135,618.8823662518444,1760536531.1607893
915.648730666906,620.021794822129,1760536531.2055712
910.0741829624212,620.2299474767678,1760536531.2517433
905.0518697668157,620.4397476660922,1760536531.2958238
926.9957754142199,617.5566702746007,1760536531.3405714
942.0032370617057,614.2375330223268,1760536531.3874006
952.1576006275734,611.8338980636527,1760536531.449347
957.4551618646932,610.6329446356383,1760536531.4982214
961.411415473303,609.5113362946227,1760536531.543995
963.5369700596009,610.6451046138234,1760536531.5895748
964.7979585531106,611.1843163475987,1760536531.6370537
965.0903811776221,610.5202994879139,1760536531.6835997
965.3569346472793,609.4998111234562,1760536531.7301562
965.5500315286158,609.1397385955268,1760536531.7861032
966.2917225193485,608.5701857800254,1760536531.8323314
966.751068790164,608.0876034118709,1760536531.879922
966.1319277255733,607.856257730255,1760536531.9310381
963.7627086563762,607.929318911452,1760536531.9982634
961.6778385634456,607.7505481262319,1760536532.0532677
961.0929547483148,608.0252919103949,1760536532.1042812
960.6141660103444,608.3176352639397,1760536532.1586163
959.1724198508732,607.6787298785064,1760536532.208765
947.4008250881052,607.6622537081066,1760536532.25515
939.8355189374441,607.6498940151833,1760536532.317337
926.0575817517722,607.9414214207857,1760536532.3644252
916.4334158047097,607.6919811770671,1760536532.410052
903.6502792582523,607.7594062614605,1760536532.454566
893.2423483682196,608.6153296367095,1760536532.499848
887.1326860392634,611.2794700454149,1760536532.5506358
883.2287256283278,611.6355164870716,1760536532.5963547
880.5658735778082,612.4231067609874,1760536532.6508236
890.1490515311232,613.6654054762724,1760536532.6979067
896.8569633216439,614.2114850714026,1760536532.7430444
916.2266616481938,612.1077529905936,1760536532.79038
929.4173969802722,610.8975229286516,1760536532.8437836
938.2711623156781,609.8358480945251,1760536532.922695
945.0158279290564,608.8815533433428,1760536532.969472
949.8880999300163,607.6898539099836,1760536533.0171118
953.4956405007548,606.5289722213396,1760536533.0634358
955.190947171269,605.6742205457479,1760536533.109415
956.598544248589,605.8334959885879,1760536533.1560936
957.5957985416194,606.1042221216918,1760536533.2046165
958.2371407096884,606.6993381302016,1760536533.2505014
957.9963887490167,605.1540277918427,1760536533.2964869
957.8144890219439,604.1746394997431,1760536533.3400877
957.8584394193693,605.6001142965342,1760536533.385865
957.8938561879759,606.1686108821164,1760536533.4312484
957.5440376437889,605.3587364871137,1760536533.48522
958.2939851527493,604.5717241180855,1760536533.5335438
959.1035378307329,604.255389682836,1760536533.57896
959.1451098130865,602.6324349977717,1760536533.6237226
959.2527571852783,601.7436363892144,1760536533.6689003
958.5109131378429,602.2037151457039,1760536533.7146614
958.4996417681778,602.4633731809241,1760536533.7603648
958.7321134646439,602.3386008083341,1760536533.8048773
959.5239006174363,601.9396354005328,1760536533.85073
959.2777812271738,602.8315107248886,1760536533.8953757
958.7114746007443,602.315200550867,1760536533.940397
958.1110894958001,602.3093413985514,1760536533.9840436
959.4008863022873,601.633642346797,1760536534.0348282
960.1492143067073,601.2019335587318,1760536534.0815587
959.3384465718533,600.6986438912874,1760536534.125718
959.4663002148294,600.9102179874544,1760536534.1702125
959.4643884004593,601.0287259949048,1760536534.216213
958.2676271401564,601.7167451565199,1760536534.2612321
958.0391037520253,602.0959543020649,1760536534.3158457
950.7488126651546,599.4731959886842,1760536534.3609781
945.5770394910815,598.0641768260809,1760536534.405191
939.6447670524158,596.1227192911778,1760536534.4508371
936.064645572892,594.5353084110109,1760536534.5006318
921.9376782410965,597.3264831694752,1760536534.5476968
908.5624705411442,599.0990838563878,1760536534.5936034
900.2110936449928,600.0086128700178,1760536534.650642
889.8860072516459,599.3200708193182,1760536534.6945891
883.63983177956,599.3767891031308,1760536534.7410717
879.3896593511911,599.093353338623,1760536534.792572
875.3696948191468,598.5348900005599,1760536534.8436267
873.4233043686946,601.3461938846234,1760536534.9020476
884.0584925478088,603.2556474173737,1760536534.9494476
890.9416253777213,604.9156100581326,1760536534.9966054
912.4613943956078,601.8267100531592,1760536535.0403583
927.086680747173,600.1271830651074,1760536535.0859241
937.8236301434009,601.3908779274168,1760536535.1310146
945.596309709179,601.7238196100783,1760536535.1755664
951.8156513906133,600.893469625477,1760536535.2218406
954.7793520584721,600.9926487440412,1760536535.2668693
956.9088108197578,601.19561964222,1760536535.322847
958.3566286214946,601.1429377253746,1760536535.3671923
959.2395291661895,601.1218258147885,1760536535.4185455
959.8574303543535,600.5309399065329,1760536535.4641392
960.3421996109631,600.3083914703564,1760536535.5105078
960.6622708228294,600.4385229588909,1760536535.5548582
960.1541885997209,600.1593447428259,1760536535.6020303
959.5628307337463,599.6293370226294,1760536535.6576948
959.3888934219358,599.5635080190135,1760536535.7072453
959.072320865348,600.0740385365394,1760536535.755823
959.5197094726125,600.610394697999,1760536535.8053474
958.9355686955305,601.4037932563106,1760536535.8507617
958.728229493793,602.1650093215152,1760536535.9186156
958.2934951583356,602.5544448092844,1760536535.9643888
958.3366425424509,602.9729968700796,1760536536.009303
954.5811969851782,602.5996601390382,1760536536.0541396
952.1459983791674,602.324189698366,1760536536.1067078
948.2014060977496,599.7524186310379,1760536536.1567295
945.4721413775953,600.1826188364049,1760536536.2057328
943.9636708922385,600.0314954161204,1760536536.2521536
958.8076428331767,598.5270820397429,1760536536.2994764
969.2608664055746,597.702452083741,1760536536.3573122
979.827771330743,600.4040973158842,1760536536.4074779
986.9000130391869,602.7794052704369,1760536536.4563267
994.2291020033235,603.5184886138684,1760536536.500725
997.2471767291692,603.0590530380802,1760536536.5459213
998.2491075198241,603.2208438128373,1760536536.5926428
990.7482981063566,602.0940669505742,1760536536.647669
986.7399161129096,601.1776112788081,1760536536.6922317
978.3290847540898,600.6860189171039,1760536536.7374322
972.8395069675253,600.1446731175577,1760536536.7819753
968.6241259847145,599.2925646325766,1760536536.827011
967.269111628128,599.9356420602293,1760536536.8779278
966.0432370450312,600.7077175857678,1760536536.9350495
965.0292298021459,600.9865395150376,1760536536.989244
964.2655685649615,600.7960454399065,1760536537.0439982
963.0559243089267,600.5318863964026,1760536537.09664
963.4360426973589,600.5975198325634,1760536537.1463406
963.5803046697998,600.9035701129693,1760536537.1965845
962.0103034960389,602.6084747414043,1760536537.242244
960.703326488684,603.9140092244324,1760536537.2883222
960.1932743280474,603.2736122500442,1760536537.3349578
959.9169593783853,602.9280208324301,1760536537.3800151
959.7189574060462,602.5022930697227,1760536537.4258983
960.2910979784965,601.4700564288498,1760536537.472687
960.3404666048688,600.4927799890777,1760536537.5306287
960.4940914496748,598.3748314019363,1760536537.5755196
960.5584444629249,596.7475111394388,1760536537.621567
961.7448314754082,594.1384065973268,1760536537.6699722
962.3955251216261,592.1501749358824,1760536537.7145805
967.3238095889969,589.3876842338948,1760536537.7600052
973.6661162810243,586.3861915226225,1760536537.8141868
976.9643740438453,583.7249881354139,1760536537.8664966
980.4474513998584,580.7052012081938,1760536537.9155114
983.6043989448727,578.5339681750368,1760536537.9623964
987.974190895876,579.112253461152,1760536538.0090072
991.1433534917555,578.5845460774499,1760536538.055731
988.6753076996554,581.7580863645264,1760536538.1010907
979.3331529601778,592.2461168130716,1760536538.1468186
973.6267678849651,599.155208780988,1760536538.191824
969.0363901757706,603.9793994456538,1760536538.2382894
964.9529063868631,607.1081776941172,1760536538.2840881
961.3803855028859,607.7817004394295,1760536538.330076
958.769624707617,608.2167175483714,1760536538.3815415
957.7609182058345,604.9971766816908,1760536538.4291277
957.3095176778728,603.8822475560054,1760536538.4744565
957.2031697023307,603.0779812900805,1760536538.5230973
956.3177178889794,602.241900531496,1760536538.5721161
955.6328693379963,601.7508992137678,1760536538.6219544
955.3588452724201,601.0548769707127,1760536538.6719086
955.0555551455069,600.6211008580418,1760536538.7187257
956.3772560310716,599.5237161746567,1760536538.7674782
956.1028387820356,598.7824431292945,1760536538.8148737
956.1686487473656,598.2558368752933,1760536538.8615887
958.8441274640106,593.9117014007652,1760536538.9072843
960.4407586833347,591.0837474934895,1760536538.955601
962.1717475629104,584.5663644199076,1760536539.0052295
962.806058113631,579.5289816456793,1760536539.0517805
963.8622901265709,579.1781030042989,1760536539.0994272
963.2699717686434,578.6675470484988,1760536539.1464567
963.2993474569316,577.9272875264883,1760536539.1958487
963.5860760494726,577.9662506828911,1760536539.2501326
963.3012674844895,577.8018439968581,1760536539.3006651
962.2873522935668,576.0101262710621,1760536539.349326
961.6760502292339,574.5493584043096,1760536539.3965063
955.2007054361748,579.0905153498136,1760536539.4425783
947.7503174085051,586.9512570782496,1760536539.491922
942.0388453576038,592.1385798270189,1760536539.5375376
936.8557321833182,593.1857348949119,1760536539.5835207
933.3723827706049,593.8847406427732,1760536539.630253
932.566502862947,594.9043673214516,1760536539.6754463
931.5537118103213,594.9113901708273,1760536539.7209268
930.4888408102572,592.4554766002973,1760536539.767058
930.5846880427306,590.3758470767981,1760536539.8199308
930.6922827392906,588.6254472017031,1760536539.8675773
930.3626966984683,588.6382898528915,1760536539.9137619
930.2224207792751,588.2546898893929,1760536539.958661
931.0928005912521,588.6963303976082,1760536540.0058475
932.5724830417477,589.8136141429052,1760536540.0555758
936.6106549621659,589.0768410532359,1760536540.1095624
939.3919774350245,589.0240663310444,1760536540.158015
941.5554609773895,588.7554431824698,1760536540.2066908
943.0734177658065,588.3985760954062,1760536540.2558799
944.9704171161096,589.238342220696,1760536540.3065932
946.2021227871262,588.4739682709076,1760536540.357632
947.6965176853482,588.3515902990844,1760536540.406113
948.8485052979796,587.9020227281873,1760536540.4593906
948.1298434836224,587.6321757158853,1760536540.5051427
948.3136763759403,586.367935288913,1760536540.5508413
947.4944217012446,586.1172107709067,1760536540.6007202
947.2378381418254,586.5025897454191,1760536540.6453958
949.210112862663,586.0408031878301,1760536540.7020772
949.6273152640033,586.1151224462056,1760536540.7544022
950.1031840162918,587.1064618003696,1760536540.8043447
957.2140182816973,590.9717526309666,1760536540.8506565
961.9411270829164,593.733050182688,1760536540.8995843
965.6455334986695,594.6031719398763,1760536540.946374
968.5208207633459,595.1613741831294,1760536540.9917026
971.0909976804654,595.2218302599895,1760536541.038312
972.2088380933341,595.4813485000725,1760536541.0847752
972.9202867739818,595.8241168854216,1760536541.1305592
972.5375883356705,596.0545424538977,1760536541.1779065
972.3071980808377,596.5782572779676,1760536541.22288
975.2974072573575,592.6000068969936,1760536541.2762656
981.6786841809991,584.1581269575624,1760536541.321627
982.4220828710363,578.8153405918571,1760536541.3715613
983.2784225874216,575.5513625320066,1760536541.4215553
980.5320446133037,574.5664805081891,1760536541.4791784
976.2032155829361,573.7129740121999,1760536541.5244057
972.8892556740823,572.1133504781435,1760536541.5726006
971.4085001847204,571.611519657079,1760536541.621845
971.068795711378,570.7875368903897,1760536541.671726
966.3618167734098,576.2099595880369,1760536541.71863
962.9255954528342,579.1201052437402,1760536541.7682843
956.5971095487109,587.0321373365329,1760536541.8161101
953.0032393848381,592.9548502209839,1760536541.8637393
952.2819908281812,596.328314091346,1760536541.9207911
952.2669401100444,597.285919928567,1760536541.9818397
950.232051066457,594.799604992538,1760536542.0428717
955.4375878486301,594.6350570957936,1760536542.104592
961.3405846859134,594.9858967875092,1760536542.168442
964.8545080151451,594.7843306832117,1760536542.2421143
966.5965967962334,596.3843460163233,1760536542.318942
978.0131972542263,594.6287740166788,1760536542.3853004
986.768037295164,589.1660254636262,1760536542.4505298
986.20127872576,584.0084681172774,1760536542.512973
974.6677496236459,583.1964919544739,1760536542.5687363
966.7125653488094,582.8353024552274,1760536542.625465
960.8394477198124,587.6264356815941,1760536542.6935308
955.428522020095,591.9912026334935,1760536542.7605057
952.3997199370799,594.360761565126,1760536542.8454468
951.5043119780023,596.5611911816482,1760536542.9007914
954.696253690639,591.4819528434216,1760536542.9552264
957.3920234014082,588.2694549961755,1760536543.009709
961.9411320914055,582.5398645108406,1760536543.0593853
964.7094902318152,581.2796232278145,1760536543.1098962
965.9682601875744,578.5152441756375,1760536543.162503
966.1165958495263,577.5216140632465,1760536543.2135592
967.4370993272644,575.4872635973758,1760536543.2613628
967.8435255745044,574.6208442727816,1760536543.3141851
968.1817932406702,574.0672963560945,1760536543.3644137
967.5609097768503,570.869687640192,1760536543.4285216
967.9641093683026,571.0191742618488,1760536543.4955246
966.4869129377784,574.8732810937482,1760536543.5581934
964.991022343837,583.2324810988082,1760536543.62438
960.7259058576441,591.3960525465014,1760536543.6846695
958.8262874216932,596.4967355665931,1760536543.7385552
958.8413590892496,599.9127099942701,1760536543.78613
958.3560302018477,602.231880089992,1760536543.8394265
958.9302613403676,604.2406511559554,1760536543.8911085
957.5995239590986,604.126286494188,1760536543.939633
957.4426703706467,604.7092974861982,1760536543.995491
956.7338186886088,603.9730933982246,1760536544.0485752
956.4446495003186,603.4388747972278,1760536544.099832
956.28914199766,601.1411106474536,1760536544.162304
955.5696580256312,600.4949289480826,1760536544.2241085
948.7413300892842,595.670407216618,1760536544.2862186
944.8545897238063,593.5005555543503,1760536544.352566
940.5678765487265,593.0640412629119,1760536544.4162762
938.9186383420948,592.2817647528957,1760536544.4807358
936.1744221055782,592.3983228469175,1760536544.552312
934.0271813986343,592.9557540449425,1760536544.6100671
932.6284781661337,592.1258132155765,1760536544.6653323
932.4313916461679,592.1399379919441,1760536544.749792
930.5787436732727,592.2939294491146,1760536544.8009079
931.2543871939403,593.4216109838645,1760536544.851508
929.7951177083631,593.0005943382606,1760536544.9007235
928.3770733633411,592.5609110331228,1760536544.9487052
929.9102638958091,592.2937760372588,1760536544.9964514
930.782891321734,592.4038185277311,1760536545.0431373
933.0134739881429,592.4539181231347,1760536545.0903628
933.6826352473026,591.552764821041,1760536545.1391525
933.6907587076684,591.8674428177819,1760536545.1897192
935.3625820383344,591.3137422482329,1760536545.2395208
937.4507075146171,591.4290545137549,1760536545.2884045
939.715760078381,593.0831651063038,1760536545.3373039
941.041835216812,594.3893091302458,1760536545.3847628
942.6308475689558,593.8120076036425,1760536545.4301622
942.4564606035801,593.734081611284,1760536545.4757044
942.7487940718122,593.6098650799994,1760536545.524553
945.1390617498198,595.4335573617126,1760536545.5697622
946.7962894913487,596.4442962484596,1760536545.6243706
948.2393694099633,596.5974055732567,1760536545.672648
949.6733149971856,597.2107861250154,1760536545.7230341
949.8110933403755,598.226190588851,1760536545.7717164
947.9039626770336,598.4332009234874,1760536545.8191152
949.3656723072742,599.1648454523909,1760536545.8850935
949.9406503248881,599.8151061743632,1760536545.9494882
950.2905593122574,600.3159185950894,1760536545.9926746
948.9485321031052,599.0929544607811,1760536546.0359385
947.6629059592648,599.3006528699082,1760536546.0791037
946.576853213319,599.5870114128013,1760536546.137388
944.8091696929491,599.772138480228,1760536546.1861467
943.9311065881798,600.149641823563,1760536546.2338111
943.3466058974107,599.4738013407698,1760536546.279299
943.0400865436704,598.8877127285043,1760536546.3227713
942.6391794858021,597.843638859988,1760536546.372069
943.5744195627008,598.3096524972464,1760536546.4202566
944.0121273353107,598.8436826216176,1760536546.4735725
944.8552079550432,598.6500472469863,1760536546.5215
945.7384138996395,598.5277884890485,1760536546.5704565
945.3068965368622,598.5920679931053,1760536546.620264
944.9699234698057,598.4090669382838,1760536546.6681676
944.5408258018244,597.5042379984545,1760536546.7149796
944.7984637585387,597.1485651272798,1760536546.759931
944.435006621924,596.7937746072478,1760536546.8106263
942.7208528003919,596.9048684758221,1760536546.8555417
942.9273740295513,597.1531252526346,1760536546.9145436
943.8162318286636,597.2988747975842,1760536546.9719565
942.457728183971,596.3211289872106,1760536547.0297222
941.8698295426406,595.6521608970706,1760536547.0816336
943.5543873822604,595.2511522491591,1760536547.141891
944.8149929727267,594.6175950800489,1760536547.2022777
944.5112998220472,595.4910934636072,1760536547.2557511
943.3706771433359,595.2643790558357,1760536547.3045115
942.7254337635394,595.1319036749868,1760536547.3538606
943.6874262442362,594.8340227319403,1760536547.4010193
943.9676975415986,594.764954335106,1760536547.4466414
944.7861091154145,595.7568762102703,1760536547.4929636
945.2566881874673,596.2077457648979,1760536547.5392873
945.3193261343572,595.6243634533298,1760536547.5876675
944.7030788716548,594.5077772452983,1760536547.6350272
945.0074407402742,593.7737458863173,1760536547.6856604
946.1053808518291,595.4892719270836,1760536547.7323203
946.1581956983266,596.3015856558349,1760536547.778399
944.7845228211479,595.8154429930684,1760536547.8247626
943.2772263911229,595.7668162419025,1760536547.872074
944.0978633419097,595.1187000250891,1760536547.9222033
943.9631164279003,594.5989488054646,1760536547.971944
943.8232683320682,593.9044263157025,1760536548.0201902
947.1420653286281,594.1632473114972,1760536548.0695922
949.4053001508523,594.1741444925729,1760536548.1245005
955.9770980985041,594.8044001303393,1760536548.1720092
960.5290845077094,597.1931506121501,1760536548.2216876
963.2620417815397,598.8733998766711,1760536548.2825193
964.790932039159,598.5104164138953,1760536548.3288634
965.3831038851426,598.7122905427956,1760536548.3743527
965.6499595884986,598.5083788316982,1760536548.4219136
965.8620242077016,598.5550790982461,1760536548.47169
965.8770846188522,598.4112862417974,1760536548.5187109
966.8298814346474,598.1440633702412,1760536548.5656548
967.4711810639828,598.2711044380804,1760536548.6230965
967.406132148835,598.7326121064339,1760536548.6726248
966.5297616318348,599.0031199635819,1760536548.721608
961.5283798654822,596.5267592816353,1760536548.7719176
958.2158131261529,596.7105941548388,1760536548.8180919
955.9197202079287,596.6061238775808,1760536548.8905027
953.3537605875113,596.4969536761305,1760536548.9351327
951.0746548758925,596.6747052741505,1760536548.98207
951.8544914998046,597.169519554542,1760536549.0255685
951.8942279098319,597.8033464952239,1760536549.069938
951.4440590908671,598.1052665975454,1760536549.114435
949.250596124431,597.229602955115,1760536549.1673467
947.2457929870354,596.3649277237522,1760536549.2141814
945.482786778291,595.2719337060756,1760536549.25969
944.1911257577915,594.3159332778789,1760536549.3049614
946.1293290530267,594.4378614104875,1760536549.3535562
947.1956526679112,594.3688974244455,1760536549.400758
947.0646188556293,594.1131363160587,1760536549.4481826
946.8774144710299,594.8355929903595,1760536549.4982734
947.2175592382066,594.9477767492039,1760536549.5482583
946.3014205836353,593.5705739546593,1760536549.5956433
945.5027702035311,592.0141135221663,1760536549.6421354
945.6240979211652,592.9898628697523,1760536549.6876469
945.9280496830606,593.9961820930056,1760536549.7380464
946.6411315034027,593.4729180649081,1760536549.7858703
947.6229431774934,593.6159500681737,1760536549.8330333
948.3409948344372,593.762281947129,1760536549.881432
950.5418962515662,595.3271089825764,1760536549.9277084
951.9591277191689,596.3547778611081,1760536549.9744837
952.122771066106,595.1310757331801,1760536550.0198333
952.1209821260452,595.2860946555171,1760536550.074357
954.8495803156229,596.8508683155444,1760536550.1256156
957.6063300713697,597.5167926381312,1760536550.1730173
959.9202647213785,598.0919082452747,1760536550.2216296
960.9103241891544,598.8521824311392,1760536550.2697496
960.9535183962755,599.2136267834175,1760536550.316639
962.558916754174,599.1697113264388,1760536550.361701
963.2756596273641,599.0803830166057,1760536550.4080138
963.607205762787,598.8844999128055,1760536550.453768
963.5567134862916,599.235901639646,1760536550.4992073
963.4102248056677,599.8646479575289,1760536550.5544696
961.9239061008733,600.538840620028,1760536550.6019523
960.6012391516841,601.3483873639217,1760536550.6488495
956.895955276635,600.6898279140066,1760536550.6956012
954.6138520993837,600.0256342705857,1760536550.740714
952.4387126590166,599.4545464386223,1760536550.787756
957.233894770062,597.3112658682801,1760536550.8362668
960.0022545884615,595.9851293764247,1760536550.8893957
967.9102772625521,596.0222967716667,1760536550.9376771
973.4856334259102,594.9357473457276,1760536550.986225
974.6428460682389,594.6741935533798,1760536551.0318513
975.2618982214875,594.0182222489424,1760536551.076905
977.030156050962,593.1350225832157,1760536551.1229174
978.2662609132684,594.1678210453631,1760536551.17166
978.6183222743925,595.0350955386838,1760536551.2268658
978.9227220278711,594.6785450748132,1760536551.2724457
979.1055886360717,594.439721462994,1760536551.320932
979.6015637250204,594.4681012545631,1760536551.3696074
979.5095673451037,594.1844830317777,1760536551.4180584
977.5964092423294,594.1011271450279,1760536551.4632878
977.309630463184,593.616353812488,1760536551.517632
976.393797744753,593.0235148070876,1760536551.5670598
975.2822692886322,592.8725786695725,1760536551.6131034
973.4505158461741,593.051573026869,1760536551.6569014
972.7640034183845,591.2834494662986,1760536551.7029347
971.7508919963979,591.0897863544651,1760536551.751588
969.1845706825458,591.3001810421903,1760536551.797885
967.4434360490234,590.9100697022503,1760536551.8438811
966.2695596810593,590.3706853032977,1760536551.8941612
964.5904374155464,590.4946072195374,1760536551.9462852
963.1978573047736,590.5342874810882,1760536552.0020561
963.3485318660094,589.6708859276592,1760536552.0573301
962.0162338035337,589.5495435339872,1760536552.1185644
960.8629630039374,588.7751179585983,1760536552.1822653
960.3933444682764,587.5409725104179,1760536552.242131
960.5351290707395,586.5149182238006,1760536552.2905948
950.4099695008128,588.3668148333284,1760536552.3434436
944.6643793066778,589.5643912548188,1760536552.3922083
940.6681517145216,590.3849186298726,1760536552.4431615
937.9917357011657,590.5072729365415,1760536552.4912663
936.2894352498726,590.7311728088323,1760536552.5395966
935.2276669204107,592.1063081765524,1760536552.5885186
934.2275869104548,592.8793851075217,1760536552.6382382
934.1602694022617,594.116107659994,1760536552.697119
933.1194805933227,594.8204901491221,1760536552.7514982
932.2100658353598,594.8914623414107,1760536552.8045352
932.9245642155132,594.2553872420448,1760536552.855562
932.8341300200451,594.1105321178499,1760536552.9054801
933.7884765637141,594.6003472904447,1760536552.9535217
936.2252547780417,594.8120211500093,1760536553.0008588
940.285212697724,595.2398207197188,1760536553.0580044
944.7886151432133,595.1894039137248,1760536553.1082194
948.0447643781683,595.3724201488931,1760536553.1567667
949.9242206797933,595.1184479763717,1760536553.2044353
951.5255700966085,595.5114774340466,1760536553.2506335
952.3507280177117,596.0854757555342,1760536553.2978945
953.1404868154839,596.9455165991972,1760536553.3435135
953.8914219807729,597.5532436600769,1760536553.3896644
953.5384450528552,597.4318317363328,1760536553.4361513
953.7437043588297,597.9079875119014,1760536553.4818816
955.6019460996959,598.0056155143909,1760536553.5279367
954.2121169353977,598.0118047858848,1760536553.574634
953.368262160576,597.6584104851273,1760536553.627229
953.7085057346329,598.4184057396438,1760536553.6728764
954.0931091130927,599.1729699612322,1760536553.7217176
955.5375652708232,600.1054007001669,1760536553.7705784
956.7186432478685,601.0859295345837,1760536553.8170593
957.356223227519,599.6394552712566,1760536553.862909
957.4104872152075,600.1499188777026,1760536553.9083748
957.3093666161611,600.6393361752156,1760536553.9627466
958.0701578832709,601.153220966528,1760536554.0091052
958.6325299542643,601.3900901598374,1760536554.0612152
957.9046264528749,601.5349644239373,1760536554.1073081
958.6010077184424,601.7434484031597,1760536554.156655
959.057151027939,601.5864343521444,1760536554.2339134
959.6688412812625,601.1311566843284,1760536554.2790365
959.7964073579875,600.7636002814861,1760536554.3253965
959.7838109393437,601.0171962535005,1760536554.3730843
959.7043909912948,601.596716040882,1760536554.4207606
959.0045781990368,601.1911130166127,1760536554.4682305
958.4418339644898,600.3687077757246,1760536554.5269947
957.9244776300571,600.1918123770305,1760536554.5752234
958.0335028698047,600.0412520088171,1760536554.6229079
958.1823247728281,600.4799003529911,1760536554.671468
957.4417679861106,600.322213069069,1760536554.724497
957.3206382606952,600.2309930950618,1760536554.7718213
956.7505901688554,600.4868199998724,1760536554.8270419
957.201905332298,600.2879443467768,1760536554.8717456
957.6228994280716,599.9501891203342,1760536554.9164293
962.3787387461877,598.1184138685194,1760536554.9618857
965.0244231992892,597.9470600702856,1760536555.0080137
966.9776132424508,597.3692879725401,1760536555.0580919
968.2398560485814,597.010467039467,1760536555.1054702
969.4507578242736,597.2576186497304,1760536555.1632988
969.7110008620641,597.059151297827,1760536555.2091234
970.3787558795377,596.6757693546248,1760536555.254352
972.7382897173027,595.0270059519396,1760536555.302981
973.9439813412171,593.9092869607705,1760536555.3508828
975.3975295094693,593.6797618551876,1760536555.399268
976.3630697184788,593.0504851234068,1760536555.4453428
975.716654765615,593.5642454120343,1760536555.4903736
976.9417692905997,591.5765551638347,1760536555.538478
977.2021021155731,591.1897724043913,1760536555.5883095
977.7201916644303,590.9751432007605,1760536555.6359859
978.0105070970191,590.6066656738648,1760536555.6820388
975.9636156899578,590.0543893085791,1760536555.7285511
974.1270754181835,590.8776039091929,1760536555.774518
972.8204891152529,590.4978156219859,1760536555.8344867
971.6898332694893,590.6718749412632,1760536555.8782127
968.9497106541398,591.3596805359613,1760536555.9250913
966.1739859858216,591.0763325599128,1760536555.9830377
963.7354829694747,592.125052374683,1760536556.0309434
961.9231474181146,592.4545246566634,1760536556.1052337
961.002720367701,592.4457322131254,1760536556.150768
959.9941799754312,592.2914770722766,1760536556.198272
959.9480414736587,592.4905937190739,1760536556.2444298
961.6324656704202,592.9781735936862,1760536556.299852
962.6246956763878,593.0353216689787,1760536556.3669562
965.213392647435,590.0549250565398,1760536556.4093819
967.2825497189483,588.4138754821644,1760536556.4545891
968.9694808432839,587.5468361826212,1760536556.5006986
970.060481507114,586.1329031563325,1760536556.5453982
970.3977319139902,586.812995241555,1760536556.5913534
970.3827420609248,586.7719086646252,1760536556.6383398
968.8693663640809,587.0313921472955,1760536556.6870618
970.7463523906721,585.2075266071084,1760536556.7349088
971.8627600541582,584.5999831689346,1760536556.7823486
972.7314072381665,584.5325382382863,1760536556.8277843
974.0803369778657,584.4418439033377,1760536556.8747873
973.1608070385587,582.640823159894,1760536556.931888
972.0723514469067,581.1341183944828,1760536556.9914455
969.8282870231509,582.0328869193215,1760536557.0551953
968.2409717924173,582.7475124793195,1760536557.1081338
968.1487050687915,583.2543665899873,1760536557.161732
964.5634632090712,584.7817266287167,1760536557.2158248
961.9320391313272,586.9464512677063,1760536557.2660673
959.5534528038629,588.11890501225,1760536557.31584
958.1338709351701,589.1543526749915,1760536557.3636134
956.5421883856894,589.6435884174464,1760536557.4113784
956.0155860657736,590.7313754578039,1760536557.4576054
956.8134407890459,589.8030148133795,1760536557.516758
957.0145644781383,589.7989960029004,1760536557.5680943
956.7413828389242,589.8016521811094,1760536557.617033
955.0818011717511,590.0226128736855,1760536557.6650372
954.6199748475675,591.0807921994567,1760536557.7119713
955.0312253308515,591.7141867133037,1760536557.7703757
953.6037608442566,592.5828651068712,1760536557.8125792
953.0347334983119,593.4543089847934,1760536557.8576868
948.072171669691,591.2146494462236,1760536557.903425
946.5204060512174,589.3024823435993,1760536557.9489346
945.9543687539565,587.4113894921794,1760536557.995595
944.4217723939468,587.2963836937763,1760536558.0412123
944.9567027261463,587.6708308983032,1760536558.0909996
945.1116045281433,588.235538858904,1760536558.138118
945.2080987525425,588.4808125331656,1760536558.186067
946.6008492650226,588.5268273899591,1760536558.2325065
948.2583450099655,588.8871369099259,1760536558.2790408
948.0174485448202,587.9195042012393,1760536558.3271554
949.0276448975185,587.2795377071977,1760536558.3727944
949.8877702106723,586.7069709430316,1760536558.4200594
951.7080144732247,586.7973065448766,1760536558.4695866
952.8043896291741,586.7060063904921,1760536558.5160246
956.1867613755436,587.248540067711,1760536558.5619192
958.4944136080464,588.1519787976312,1760536558.6074262
956.5057242897828,559.7953644920487,1760536558.6543212
955.3559926503914,544.4590015161285,1760536558.7026556
955.5881508971338,531.4743626959225,1760536558.7520208
957.2499017081085,528.2887323274932,1760536558.7985399
958.8866908184824,533.3345893320379,1760536558.8466084
962.8254814268146,547.3805371194665,1760536558.8926222
964.4116863130222,555.1266564372681,1760536558.9467795
967.4811864743954,566.8207660111925,1760536558.9965773
969.6238472706082,572.1557414967867,1760536559.0422797
970.5785263458545,580.0583083572699,1760536559.099648
971.0467739093549,585.2610140250879,1760536559.1779
972.0829569767009,586.5551070676628,1760536559.2217093
972.7764253487979,585.5028850978972,1760536559.266911
974.8757773691486,587.3623632126139,1760536559.311626
975.8075154823578,588.4605084048765,1760536559.3698385
976.1774603889655,587.7630243646105,1760536559.413257
975.9925697809955,587.7327134486542,1760536559.458245
973.4202672938046,585.3808592245932,1760536559.507029
973.013453430876,587.7316866102759,1760536559.5537093
966.4597051982156,585.7687061723984,1760536559.6035557
962.0643874551511,586.07296743896,1760536559.6537738
959.1439751538637,586.2273222042334,1760536559.705487
955.5419914640988,584.2298420016075,1760536559.754186
953.1500075426745,582.7769540149626,1760536559.8077047
952.33306566747,582.3697396069261,1760536559.853657
951.7282854196328,581.9433063798374,1760536559.9010458
951.1610370120986,581.5486590590618,1760536559.946693
950.7172181148073,582.5771700280612,1760536559.9956946
950.4152306597467,583.8747006814591,1760536560.043342
952.0953563015375,583.2388328048909,1760536560.096666
953.2649476571754,582.4290789287209,1760536560.1451955
954.9352182302624,582.4830520455566,1760536560.1939886
960.2693869503447,584.1667531882603,1760536560.2409492
964.9463655377236,586.2200812903416,1760536560.3130558
968.7788413358287,587.9015602517434,1760536560.3793695
971.0807931015356,588.9818451282197,1760536560.4251978
971.8506521133866,588.5419891759407,1760536560.482051
973.882881988458,589.2488090738993,1760536560.532615
975.1949417397752,590.2702174622191,1760536560.5777135
975.9052027807534,591.9523991856167,1760536560.6227503
976.5743162086371,593.0997225792346,1760536560.6689565
975.6588759819557,592.9444883752606,1760536560.7139947
975.2193485258059,591.5704774820842,1760536560.7605367
967.065672517171,572.5743620489611,1760536560.8067477
961.7612993932322,557.6498702314476,1760536560.8535697
958.2106522890621,544.2320968505485,1760536560.9067495
964.5628497412483,557.9316602543404,1760536560.9506629
967.6683350932682,567.9946090668456,1760536560.9963343
967.4987805704313,572.9876221987495,1760536561.047261
967.4446109224814,576.3933084808872,1760536561.0918288
968.0662672407481,580.9646265423878,1760536561.138124
966.884747467524,584.2944823882851,1760536561.1860635
966.2372102429425,586.5182092597839,1760536561.242409
967.7152688869386,587.7879015715233,1760536561.2886925
968.4571029465628,588.8940784512774,1760536561.3361323
967.463423686773,588.3569301981375,1760536561.3836045
966.4454456297954,587.8799669616703,1760536561.4282036
966.7458889488852,589.2631581408232,1760536561.4726698
965.7265086077666,589.9461003818612,1760536561.5202446
964.9059360432528,590.2747279633145,1760536561.5796483
958.9192953146139,588.029062911728,1760536561.625893
954.6446552648024,586.3246950462058,1760536561.6731517
950.8353555634234,587.1956415985943,1760536561.7203276
948.1665853554375,587.6292723252719,1760536561.7698352
947.8171441565619,587.379165836273,1760536561.8183787
947.2070627361046,587.139185140138,1760536561.864719
947.5682467239031,586.0085399989998,1760536561.9313834
946.4498802851263,587.0095311490372,1760536561.991394
946.033136510352,587.0007296902455,1760536562.0519876
945.7958429843912,586.3635911544561,1760536562.1056607
945.2237990033983,585.9608318731064,1760536562.1616955
944.9846304138678,586.1904374047152,1760536562.2217386
946.3141160414882,587.8033793296673,1760536562.2702198
950.8153765055722,589.7767286906275,1760536562.3187582
953.8470768841571,590.2887683252882,1760536562.383141
959.1189969371624,590.9470655173035,1760536562.4282515
963.0455091578115,592.5480971377119,1760536562.4818764
963.132181930211,593.5676504217749,1760536562.5374863
964.5854523304956,595.0155417125519,1760536562.596591
965.2817178816499,596.0285421941755,1760536562.652314
966.5479629108971,595.0603326174341,1760536562.7130675
967.2033553369587,594.6728335506735,1760536562.776463
966.8933622255448,592.9959654986259,1760536562.8381207
966.9530092433279,589.7302906148652,1760536562.897477
966.6808948172232,586.7985807572769,1760536562.9592848
967.7147638823476,589.0419106808756,1760536563.0160131
968.6402306965433,592.0728162127409,1760536563.074503
968.213696746169,593.6828417504428,1760536563.138339
965.6668099349074,593.6308661291064,1760536563.2009704
963.8645824801167,593.6408637078171,1760536563.2601552
962.7691634777897,593.5025002389425,1760536563.3125844
961.4994016842726,593.7702147175189,1760536563.362844
960.6526692566227,594.6093994565783,1760536563.4150078
949.4124606874543,593.1059219439478,1760536563.466826
941.1837095652235,591.460618561648,1760536563.5204496
935.6722172524131,590.0649569560244,1760536563.5803435
932.1096963851537,589.9606575286106,1760536563.6454031
929.35291045857,590.2380389247544,1760536563.6982522
926.9896994120152,590.3583151774806,1760536563.7582557
925.0474530180934,589.1759354926105,1760536563.814013
923.2663155827818,588.9716940174893,1760536563.874669
925.3346393383118,591.008883702337,1760536563.9374514
935.5277814333131,592.7263231891618,1760536564.001952
942.7224587372604,593.9726789669774,1760536564.0669358
947.2023072472655,594.7266925561436,1760536564.1319928
948.6187131639998,594.7495334063805,1760536564.1958559
949.851709205648,595.0162931660944,1760536564.2610443
949.523931853831,595.921223990271,1760536564.3292322
949.3862413905624,596.2281888700952,1760536564.3980038
949.5249850166873,596.0810856327762,1760536564.467843
949.3302575684281,595.6148180520304,1760536564.5376174
950.6486394773773,594.2202000977495,1760536564.618478
951.945068841002,593.4017999755832,1760536564.6874254
953.9528615147512,593.1457905424534,1760536564.7592738
956.7266069400066,594.3875958152819,1760536564.8291023
958.4626699808368,594.8406807435813,1760536564.898106
957.9665370866461,593.8794234960131,1760536564.9681613
956.8084984938149,593.8177406522253,1760536565.0393512
956.0642644445519,593.5837919085561,1760536565.1080904
954.5700255669562,592.8934433183321,1760536565.1776555
954.2837373447192,594.0020781293344,1760536565.24595
954.2710115482113,593.1658274394422,1760536565.3166208
955.003654995671,592.5828699327451,1760536565.3877118
951.525343987681,592.2979506768642,1760536565.455623
949.1648939040218,591.4378982108904,1760536565.5275064
947.8824343250168,591.3609494700428,1760536565.5958467
951.5796159172562,593.2450256166114,1760536565.6952224
954.2541182013708,594.4288835721989,1760536565.7668712
956.5134918043441,595.257460041684,1760536565.8396993
957.8817759674739,595.6123014098673,1760536565.909249
958.107503830113,595.1720529147135,1760536565.9841251
958.4411904845779,594.0745124693153,1760536566.056072
959.3254397920833,593.4222418371713,1760536566.1238308
960.3254435837094,595.1942798037821,1760536566.1947565
960.1092460326746,594.9646418787979,1760536566.2702727
959.9451883834867,595.1201820994829,1760536566.3413184
960.3593351499794,595.7366082251024,1760536566.4086416
960.8410129340645,595.9659363740645,1760536566.4738734
960.7343378967912,596.5876632354212,1760536566.5433292
959.6625781332433,597.1785320723441,1760536566.6134274
959.221896128812,597.7050466512844,1760536566.688186
959.3073684169018,597.8824784207923,1760536566.7590356
964.5150155757253,595.6814213785626,1760536566.8326464
967.8637845408964,593.728846929463,1760536566.902512
969.6321361841018,592.954262243134,1760536566.9745865
972.4282313706971,591.1151391610862,1760536567.043495
974.1808216547003,591.0592956582361,1760536567.118105
973.9632290360761,592.6465304078658,1760536567.1894386
973.650741853066,593.6096071045697,1760536567.2632358
973.9826458052934,592.3820651903936,1760536567.3329413
970.7784265347682,591.7599620475455,1760536567.4017377
968.3429875509802,591.8274463619997,1760536567.4716725
962.6067512585847,593.9125264059588,1760536567.5422046
958.6708281346027,594.4131152099097,1760536567.6056018
956.2703202172689,595.1031549293514,1760536567.6703107
954.685274693794,594.9698497329815,1760536567.7353644
954.2402094986745,595.6926174117266,1760536567.8092644
954.1653892236565,596.1654935839089,1760536567.8749132
952.03673067574,596.2987529939027,1760536567.935498
952.9910536376448,594.9996449409598,1760536567.9979684
953.4194233110918,594.6577222519688,1760536568.0591838
952.6570819835886,595.5923939393797,1760536568.1312938
953.262399888635,594.8434344187481,1760536568.1988196
953.7300874479756,594.3072095062987,1760536568.2642026
953.6480852224093,594.1136616228523,1760536568.3345659
953.572157150994,593.7886867763904,1760536568.4128127
953.5892929752066,593.1899272468702,1760536568.4877846
953.6806373000253,593.2422953055478,1760536568.5600214
953.9624970168019,592.3671874617422,1760536568.632774
953.523734766457,591.8121392637779,1760536568.7030663
954.6639454123566,592.5106833275954,1760536568.777035
954.4939471693909,593.1597658581991,1760536568.8447533
954.5961871621605,593.3831704593958,1760536568.9149663
954.442009935833,593.8939148301928,1760536568.9844747
953.9293788901726,593.2058221404402,1760536569.0557194
953.9194347045768,593.415902481708,1760536569.1291
953.8866580352958,593.3927661246069,1760536569.1964226
953.2474947807153,592.3148595419941,1760536569.2625806
952.9129384691555,592.1268887975174,1760536569.3218024
951.8371291643255,592.558949843108,1760536569.378118
953.4662969894987,593.6421289892888,1760536569.4379406
954.6179555643757,594.3271168069605,1760536569.5009646
953.1681183190572,593.1186733677105,1760536569.568724
953.5436486749475,592.5257388945909,1760536569.6317627
953.961779044003,592.2338733730531,1760536569.6925914
955.0439807244525,585.0393065404481,1760536569.7535517
955.6387723791318,580.6285244126069,1760536569.8322065
956.1725128044574,577.3851119687447,1760536569.8944705
957.0611426967504,575.5537349878575,1760536569.9581358
957.2339887964058,574.1542555193635,1760536570.0140207
957.2729955489426,573.4698662168572,1760536570.070942
957.0421941863339,572.7124681031826,1760536570.1291487
956.7414374528712,572.4634942769837,1760536570.1846952
957.4553868735073,573.3870656293759,1760536570.239989
956.1949344933867,581.3250829192605,1760536570.3007784
955.0012844964333,586.1814230099886,1760536570.3607948
952.8734854551743,589.2187563352393,1760536570.4267983
951.921515885003,590.0792378847257,1760536570.4902272
951.7629803625643,590.8268074338075,1760536570.5545218
953.1078194289399,591.1193514811409,1760536570.6144478
953.0742218593871,590.7724658967496,1760536570.68304
953.1377298844141,590.5322828791362,1760536570.745402
950.9907419668383,590.178021748696,1760536570.8044944
951.3331394208723,589.8561089160482,1760536570.8692918
952.2519687107575,589.8177871096251,1760536570.9377985
950.9373850195007,588.9856077270581,1760536571.0007713
951.7760550444584,588.7482642769268,1760536571.0631616
952.2246657931227,588.4993350098266,1760536571.129308
951.9863430955398,587.9778551598016,1760536571.1900902
952.0142493862336,587.5877412989241,1760536571.2477777
951.562313475186,587.7180519814248,1760536571.3062449
950.7165695865459,587.0774551929803,1760536571.3657866
950.0425504109407,586.4590285203554,1760536571.4245775
950.7385380088358,587.3203591634335,1760536571.4825354
951.5920802135151,587.8871448481959,1760536571.5391593
952.9701477840887,588.4971917902412,1760536571.6008916
951.9906410983565,588.2974358016065,1760536571.67231
951.1282658080745,587.8624647127411,1760536571.7315614
951.8768553587781,586.7219493867608,1760536571.793269
952.6382052967493,585.898970211762,1760536571.8549695
952.3004112013582,586.4659086736056,1760536571.9253893
952.0481164176256,587.0323444980552,1760536572.0015037
952.7086718792734,587.4858542258803,1760536572.0689466
952.8244702514241,587.852876709527,1760536572.143902
960.9121676331474,586.841018752469,1760536572.220313
967.1442667723273,586.8101387597974,1760536572.2982545
974.236761334811,586.8361835777227,1760536572.360808
979.0975494766153,587.1618121671695,1760536572.4215415
980.0671899882141,587.4313867921218,1760536572.4869814
980.9074129725841,587.4901939397237,1760536572.559617
982.4154305399879,588.3219330679019,1760536572.6252897
974.3371388485047,588.6281434355158,1760536572.685846
966.0130083213307,589.279642396946,1760536572.7479403
960.5496206433527,589.7811034118552,1760536572.8066008
955.6119354102239,590.1574927236393,1760536572.8664563
953.5252612957025,590.4458741908486,1760536572.9279616
949.0354085339712,590.4821311516246,1760536572.9907453
946.0192614332658,590.3917782870769,1760536573.0492084
944.5041100968367,589.8682451466301,1760536573.1086679
943.1505131788253,589.5536586697293,1760536573.1692822
942.4843775836664,589.9611387970381,1760536573.2287753
941.8925970385574,589.4217957909115,1760536573.2912948
941.4731318632182,589.747492930222,1760536573.3506112
941.788308710398,590.1906662587014,1760536573.4078586
941.9491682537822,590.5281980373707,1760536573.4659374
942.2939036368421,589.5442763463471,1760536573.5296323
942.3428282602624,591.0804740125956,1760536573.6120057
942.4561627625519,591.6234520177641,1760536573.6829836
943.7401371928781,590.6910614433405,1760536573.750517
945.0238769230843,590.5273831366856,1760536573.817285
945.4473473052452,591.0886815004653,1760536573.8831372
946.5220410688769,590.950095337427,1760536573.9486551
947.5815168757093,590.8309813663619,1760536574.0162525
948.6185280290724,590.9394240857906,1760536574.0747328
949.9589962490828,591.7556541868105,1760536574.1455655
949.7908010354399,592.0359099889953,1760536574.2084265
949.6118884181444,591.8962642039894,1760536574.271818
949.7140811027466,592.0930913462112,1760536574.3348107
949.7127081787476,591.6302392707311,1760536574.396517
948.6925446490983,592.7714622397406,1760536574.4553957
947.534013509974,593.1798325048017,1760536574.5215263
